﻿<parameters>
  <parameter name="IIS Web Application Name" defaultValue="localhost:2494" tags="IisApp">
    <parameterEntry kind="ProviderPath" scope="AppHostConfig" match="^WebSite1$" />
    <parameterEntry kind="ProviderPath" scope="contentPath" match="^E:\\study\\homework\\dotNET\\final\\FurNature\\FurNature\\FurNature\\obj\\Release\\Package\\PackageTmp$" />
    <parameterEntry kind="ProviderPath" scope="setAcl" match="^E:\\study\\homework\\dotNET\\final\\FurNature\\FurNature\\FurNature\\obj\\Release\\Package\\PackageTmp$" />
  </parameter>
  <parameter name="IIS Web Application Pool Name" defaultValue="DefaultAppPool">
    <parameterEntry kind="DeploymentObjectAttribute" scope="application" match="application[@applicationPool='DefaultAppPool']/@applicationPool" />
  </parameter>
  <parameter name="IisVirtualDirectoryPhysicalPath" defaultValue="E:\study\homework\dotNET\final\FurNature\FurNature\FurNature_deploy" tags="PhysicalPath">
    <parameterEntry kind="DestinationVirtualDirectory" scope=".*" match="^E:\\study\\homework\\dotNET\\final\\FurNature\\FurNature\\FurNature$" />
  </parameter>
  <parameter name="DefaultConnection-Web.config Connection String" defaultValue="Data Source=(LocalDB)\MSSQLLocalDB;AttachDbFilename=E:\study\homework\dotNET\final\FurNature\FurNature\FurNature\App_Data\aspnet-FurNature-20170616020525.mdf;Integrated Security=True;Connect Timeout=30">
    <parameterEntry kind="XmlFile" scope="E:\\study\\homework\\dotNET\\final\\FurNature\\FurNature\\FurNature\\obj\\Release\\Package\\PackageTmp\\Web\.config$" match="/configuration/connectionStrings/add[@name='DefaultConnection']/@connectionString" />
  </parameter>
</parameters>